aaron,Proper,
aaswer,Typo,
abel,Proper,
abhorrest,Variation,
abhorreth,Variation,
abinadi,Proper,
abinadom,Proper,
abish,Proper,
ablom,Proper,
abominations,Variation,
abraham,Proper,
abridgement,Variation,
accounts,Variation,
acknowledgeth,Variation,
acres,Variation,
adhear,Typo,
adminster,Variation,
admonitions,Variation,
adulterers,Variation,
advantages,Variation,
adversaries,Variation,
advocateth,Variation,
affairs,Variation,
affections,Variation,
afflictions,Variation,
agates,Variation,
agosh,Proper,
agreements,Variation,
ahah,Proper,
ahaz,Proper,
aiath,Proper,
akish,Proper,
allotteth,Variation,
altered,Variation,
altering,Variation,
amaleki,Proper,
amalekite,Proper,
amalekites,Proper,
amalickiah,Proper,
amalickiahites,Proper,
amalickiahs,Proper,
amaron,Proper,
amgid,Proper,
aminadab,Proper,
aminadi,Proper,
amlici,Proper,
amlicites,Proper,
ammah,Proper,
ammaron,Proper,
ammon,Proper,
ammonihah,Proper,
ammonihahites,Proper,
ammonites,Proper,
ammoron,Proper,
amnigaddah,Proper,
amnihu,Proper,
amnor,Proper,
amoron,Proper,
amos,Proper,
amoz,Proper,
amulek,Proper,
amulon,Proper,
amulonites,Proper,
anathoth,Proper,
ancients,Variation,
ancles,Typo,
angelah,Proper,Was latter changed to Angola
angels,Variation,
angles,Typo,
ani-anti,Proper,
animals,Variation,
anothers,Variation,
answereth,Variation,
anti-nephi-lehi,Proper,
anti-nephi-lehies,Proper,
antiomno,Proper,
antion,Proper,
antionah,Proper,
antionam,Proper,
antionum,Proper,Was latter changed to antionum
antiparah,Proper,
antipas,Proper,
antipus,Proper,
antum,Proper,
apostles,Variation,
appeared,Variation,
appeareth,Variation,
appears,Variation,
archeantus,Proper,
ariseth,Variation,
arm-shields,Real,
armies,Variation,
armour,Typo,
armours,Typo,
armss,Typo,
arpad,Proper,
arrived,Variation,
arriven,Variation,
arrows,Variation,
arrriven,Typo,
arts,Variation,
ascendeth,Variation,
asketh,Variation,
asmuch,Real,
assemblies,Variation,
asses,Variation,
assurances,Variation,
assyria,Proper,
assyrian,Proper,
atempt,Typo,
atoneth,Variation,
attempts,Variation,
availeth,Variation,
avengeth,Variation,
awaiteth,Variation,
awaits,Variation,
awaked,Variation,
awaketh,Variation,
axe,Typo,Typo/real
babes,Variation,
bablings,Typo,
babtized,Typo,
babylon,Proper,
bacause,Typo,
bands,Variation,
banks,Variation,
baptise,Typo,
baptised,Typo,
barges,Variation,
barns,Variation,
bashan,Proper,This and Babylon and many others are also in Bible 
bats,Variation,
battles,Variation,
beareth,Variation,
beasts,Variation,
beaz,Proper,
becaus,Typo,
becometh,Variation,
beds,Variation,
bees,Variation,
befal,Typo,
beforetime,Typo,Hyphen
began,Variation,
begat,Variation,
beggars,Variation,
begineth,Variation,
beginneth,Variation,
beheldest,Variation,
beholdest,Variation,
behooveth,Variation,
behoveth,Variation,
beings,Variation,
believers,Variation,
believest,Variation,
believeth,Variation,
bellowses,Variation,
belonged,Variation,
belongeth,Variation,
berak,Typo,(Break)
bestow,Variation,
bethabara,Proper,
betweem,Typo,
bidden,Variation,
bindeth,Variation,
binds,Variation,
blades,Variation,
blessings,Variation,
blindeth,Variation,
blocks,Variation,
bloodsheds,Variation,
blossoms,Variation,
bloweth,Variation,
blows,Variation,
boastings,Variation,
bodies,Variation,
bonds,Variation,
bones,Variation,
bonnets,Variation,
books,Variation,
borders,Variation,
borroweth,Variation,
boweth,Variation,
bows,Variation,
bracelets,Variation,
branches,Variation,
breaketh,Variation,
breast-plate,Typo,
breast-plates,Typo,Hyphen
breasts,Variation,
breastwork,Typo,Hyphen
brethern,Variation,
bricks,Variation,
briers,Variation,
bringeth,Variation,
brothers,Variation,
bucklers,Variation,
buildeth,Variation,
buildings,Variation,
burdeneth,Variation,
burdens,Variation,
buried,Variation,
burneth,Variation,
burthens,Variation,
burthensome,Real,
bushes,Variation,
byword,Real,
cain,Proper,
calleth,Variation,
callings,Variation,
calno,Proper,In Bible too
calves,Variation,
camenihah,Proper,
camorah,Proper,
camped,Variation,
camps,Variation,
candles,Variation,
candlestick,Typo,Hyphen
canst,Variation,
captains,Variation,
captives,Variation,
carbuncles,Variation,
carcases,Typo,
carcasses,Variation,
carchemish,Proper,
carriages,Variation,
carried,Variation,
carrieth,Variation,
cases,Variation,
casteth,Variation,
cauls,Real,Bible 
causeth,Variation,
caves,Variation,
ceased,Variation,
ceaseth,Variation,
cedars,Variation,
centre,Typo,
cezoram,Proper,
chains,Variation,
chaldeans,Proper,
chaldees,Proper,
chances,Variation,
changeble,Typo,
changeth,Variation,
channels,Variation,
characters,Variation,
charges,Variation,
chariots,Variation,
cheateth,Variation,
cheeks,Variation,
chemish,Proper,
cherubims,Variation,
chickens,Variation,
chid,Typo,Child
chiefest,Variation,
chiefs,Variation,
choicest,Variation,
choirs,Variation,
christians,Variation,
christs,Variation,
churches,Variation,
cimeter,Typo,
cimeters,Typo,Spelled cimiter
circumcision,Variation,
circumstances,Variation,
cities,Variation,
citties,Typo,
claimeth,Variation,
classes,Variation,
cleaveth,Variation,
clefts,Variation,
closets,Variation,
clouds,Variation,
clowd,Typo,
clubs,Variation,
coals,Variation,
cockatrices,Variation,
cohor,Proper,
colors,Variation,
combinations,Variation,
comes,Variation,
comest,Variation,
cometh,Variation,
comfortedst,Variation,
comforteth,Variation,
commandest,Variation,
commandeth,Variation,
commanding,Variation,
commandments,Variation,
commands,Variation,
commiting,Variation,
committeth,Variation,
commmandments,Variation,
comnor,Proper,
complained,Variation,
complaints,Variation,
comprehendeth,Variation,
concourses,Variation,
concubines,Variation,
condemneth,Variation,
condescensions,Typo,
condescention,Typo,Condescension
condescentions,Typo,Or ig this one 
conditions,Variation,
confesses,Variation,
congregations,Variation,
conquerors,Variation,
consequences,Variation,
considerest,Variation,
consisted,Variation,
consisting,Variation,
consists,Variation,
consoling,Variation,
constellations,Variation,
constraineth,Variation,
consumeth,Variation,
containeth,Variation,
contains,Variation,
contendeth,Variation,
contentions,Variation,
continnally,Typo,
conversed,Variation,
conversing,Variation,
conveyed,Variation,
cords,Variation,
corianton,Proper,
coriantor,Proper,
coriantum,Proper,
coriantumr,Proper,
corihor,Proper,
corners,Variation,
corom,Proper,
counseleth,Variation,
counselled,Variation,
counsellor,Variation,
counsels,Variation,
countenances,Variation,
countries,Variation,
covenanteth,Variation,
covenants,Variation,
cows,Variation,
cracks,Variation,
creatures,Variation,
creditors,Variation,
cries,Variation,
crieth,Variation,
crimes,Variation,
crisping-pins,Real,
crops,Variation,
crosses,Variation,
crucified,Variation,
cumbered,Variation,
cumeni,Proper,
cumoms,Real,
cureloms,Real,
cures,Variation,
curseth,Variation,
cursings,Variation,
curtains,Variation,
cush,Proper,
cuts,Variation,
cutteth,Variation,
daggers,Variation,
daghter,Typo,
damascus,Proper,
danced,Variation,
darkest,Variation,
darknesss,Variation,
darts,Variation,
daughters,Variation,
david,Proper,
day-time,Typo,Hyphen 
days,Variation,
deadnes,Typo,
dealings,Variation,
deaths,Variation,
debtors,Variation,
debts,Variation,
deceits,Variation,
deceivings,Variation,
declareth,Variation,
decrees,Variation,
decreeth,Variation,
deeds,Variation,
defence,Variation,
degrees,Variation,
delays,Variation,
delighteth,Variation,
delighting,Variation,
deliteth,Typo,
delivereth,Variation,
demands,Variation,
demons,Variation,
denied,Variation,
deniest,Variation,
denieth,Variation,
dens,Variation,
denying,Variation,
departed,Variation,
departeth,Variation,
dependant,Variation,
depended,Variation,
deposited,Variation,
depressed,Variation,
depths,Variation,
descendants,Variation,
descended,Variation,
descending,Variation,
descends,Variation,
deseret,Variation,
deserts,Variation,
designs,Variation,
desires,Variation,
desirest,Variation,
desireth,Variation,
despisers,Variation,
despiseth,Variation,
destroyers,Variation,
destroyeth,Variation,
destructions,Variation,
devices,Variation,
devils,Variation,
devises,Variation,
devlish,Variation,
devoureth,Variation,
didst,Variation,
died,Variation,
dies,Variation,
dieth,Variation,
digging,Variation,
dimmed,Variation,
directions,Variation,
directors,Variation,
disadvantages,Variation,
disciples,Variation,
diseases,Variation,
disputations,Variation,
disputings,Variation,
dissensions,Variation,
dissented,Variation,
dissenters,Variation,
dissention,Variation,
dissentions,Variation,
disturbances,Variation,
ditches,Variation,
divides,Variation,
divideth,Variation,
divisions,Variation,
doctrines,Variation,
doest,Variation,
doeth,Variation,
dogs,Variation,
doors,Variation,
doth,Variation,
doubtings,Variation,
draweth,Variation,
dreamed,Variation,
dreameth,Variation,
dreams,Variation,
drew,Variation,
drinketh,Variation,
drunkennes,Typo,
dungeons,Variation,
dwellest,Variation,
dwelleth,Variation,
dwellings,Variation,
dwells,Variation,
dwelt,Variation,
ear-rings,Typo,Hyphen 
ears,Variation,
earthquakes,Variation,
eased,Variation,
easier,Variation,
eateth,Variation,
eatheth,Typo,
edom,Proper,
effects,Variation,
eggs,Variation,
egypt,Proper,Not in there but should be
egyptians,Variation,
eigth,Typo,
elam,Proper,
elders,Variation,
elements,Variation,
elephants,Variation,
elijah,Proper,
embarrassments,Variation,
embassies,Variation,
emer,Proper,
employeth,Variation,
emptied,Variation,
emron,Proper,
enacteth,Variation,
encircles,Variation,
ended,Variation,
endeth,Variation,
ends,Variation,
endureth,Variation,
enemies,Variation,
energies,Variation,
engravened,Variation,
engravings,Variation,
enos,Proper,
entereth,Variation,
enticeth,Variation,
enticings,Variation,
entrusted,Variation,
envieth,Variation,
envyings,Variation,
ephah,Proper,
ephraim,Proper,
erred,Variation,
errors,Variation,
escaped,Variation,
esrom,Proper,
esteemeth,Variation,
ethem,Proper,
evidences,Variation,
evidencess,Typo,
evil-doer,Typo,Hyphen 
evil-doers,Typo,
evils,Variation,
examples,Variation,
excedingly,Variation,
exclaimed,Variation,
exclaimeth,Variation,
executeth,Variation,
exerciseth,Variation,
eyes,Variation,
eyewitness,Typo,Hyphen
ezias,Real,
ezrom,Real,
faces,Variation,
faculties,Variation,
fadeth,Variation,
faggots,Typo,Fagot
faileth,Variation,
faint-hearted,Typo,Hyphen
fainted,Variation,
fainteth,Variation,
falleth,Variation,
families,Variation,
famines,Variation,
fared,Variation,
farthermost,Variation,
fasted,Variation,
fastest,Variation,
fathers,Variation,
fatlings,Variation,
faults,Variation,
favors,Variation,
feading,Typo,
feareth,Variation,
fearing,Variation,
fears,Variation,
feasts,Variation,
feedeth,Variation,
feelings,Variation,
fellow-laborers,Variation,
fevers,Variation,
fields,Variation,
fighteth,Variation,
figs,Variation,
filleth,Variation,
fills,Variation,
findeth,Variation,
fingers,Variation,
fir-trees,Variation,But the hyphen is good here. Maybe have a hyphen section
fire-brands,Variation,
fires,Variation,
firmer,Variation,
firstlings,Variation,
firstly,Variation,
firy,Typo,
firy-flying,Typo,"Typo,variation, and real all at once lol"
fists,Variation,
flames,Variation,
flattereth,Variation,
flatteries,Variation,
fleeing,Variation,
fleeth,Variation,
flocks,Variation,
floods,Variation,
foes,Variation,
followers,Variation,
fools,Variation,
forasmuch,Real,
forbade,Variation,
forbidden,Variation,
forces,Variation,
forefathers,Variation,
foreheads,Variation,
forests,Variation,
foretold,Variation,
forever,Variation,
forgetest,Variation,
forgiveth,Variation,
fortifications,Variation,
fortified,Variation,
fortifying,Variation,
forts,Variation,
forty-three,Variation,
foundations,Variation,
fountains,Variation,
fowls,Variation,
fragments,Variation,
fraid,Typo,
frailties,Variation,
frames,Variation,
freemen,Variation,
friends,Variation,
fruits,Variation,
fulfil,Typo,
fulfilleth,Variation,
fullers,Variation,Surprising 
fulness,Variation,
furnaces,Variation,Unrelated but mention tung 
gaddianhi,Proper,
gaddianton,Proper,
gadiandi,Proper,
gadianton,Proper,
gadiantons,Proper,
gadiomnah,Proper,
galilee,Proper,
gallim,Proper,
garments,Variation,
garners,Variation,
gates,Variation,
gathereth,Variation,
gazelem,Real,Contended
geba,Proper,
gebim,Proper,
generations,Variation,
gentiles,Variation,
getteth,Variation,
gibeah,Proper,
gid,Proper,
giddianhi,Proper,
giddonah,Proper,
gideon,Proper,
gidgiddonah,Proper,
gidgiddoni,Proper,
gifts,Variation,
gilead,Proper,
gilgah,Proper,
gilgal,Proper,
gimgimno,Proper,
girted,Variation,
giveth,Variation,
glasses,Variation,
glutting,Variation,
goats,Variation,
gods,Variation,
goes,Variation,
goest,Variation,
goeth,Variation,
gomorrah,Proper,
govereor,Typo,
governments,Variation,
governors,Variation,
grafts,Variation,
granteth,Variation,
grapes,Variation,
grasps,Variation,
graven,Variation,
graves,Variation,
greater,Variation,
greatest,Variation,
griefs,Variation,
grieves,Variation,
grieveth,Variation,
groaned,Variation,
groaneth,Variation,
groanings,Variation,
grosser,Variation,
grossest,Variation,
grounds,Variation,
groves,Variation,
groweth,Variation,
guards,Variation,
guides,Variation,
gushed,Variation,
habitations,Variation,
hadst,Variation,
hagoth,Proper,
hairs,Variation,
halfs,Variation,
halted,Variation,
hamath,Proper,
handing,Variation,
handmaids,Variation,
hands,Variation,
hangeth,Variation,
happened,Variation,
happier,Variation,
hardeneth,Variation,
harder,Variation,
harlots,Variation,
harrass,Variation,
has,Variation,
hasteneth,Variation,
hath,Variation,"Variation of ""have"" or real?"
havgn,Typo,
havoc,Typo,
head-bands,Typo,Hyphen
head-plate,Real,
head-plates,Real,
headplates,Real,
heads,Variation,
healeth,Variation,
healings,Variation,
heapeth,Variation,
heaps,Variation,
heardest,Variation,
hearers,Variation,
hearest,Variation,
heareth,Variation,
hearkened,Variation,
hearkeneth,Variation,
hearthom,Proper,
hearts,Variation,
heavens,Variation,
heen,Typo,Been
hehold,Typo,
heights,Variation,
heirs,Variation,
helam,Proper,
helaman,Proper,
helamans,Proper,
helem,Proper,
hell-fire,Real,
helorum,Proper,
helped,Variation,
hemmed,Variation,
herds,Variation,
heritages,Variation,
hermounts,Proper,Maybe real tho… check context
heshlon,Proper,
heth,Proper,
heweth,Variation,
hia,Typo,
hideth,Variation,
higher,Variation,
highways,Variation,
hills,Variation,
hilts,Variation,
himni,Proper,
hindereth,Variation,
hinderment,Variation,
hinted,Variation,
holds,Variation,
holes,Variation,
homes,Variation,
hoods,Variation,
hoofs,Variation,
hooks,Variation,
hoops,Variation,
hopes,Variation,
hopeth,Variation,
horeb,Proper,
horses,Variation,
hosts,Variation,
hours,Variation,
house-tops,Real,
houses,Variation,
howlings,Variation,
humbleth,Variation,
hungered,Variation,
husbands,Variation,
hushed,Variation,
hy,Typo,
hypocrites,Variation,
idolatries,Variation,
idols,Variation,
images,Variation,
imaginations,Variation,
immanuel,Proper,
immoveable,Variation,
imparteth,Variation,
imperfections,Variation,
inasmuch,Real,Insomuch exists
infirmities,Variation,
inflicteth,Variation,
information,Variation,
inhabitants,Variation,
iniquities,Variation,
injuries,Variation,
inquired,Variation,
insects,Variation,
instances,Variation,
instructions,Variation,
instruments,Variation,
insurrections,Variation,
intentions,Variation,
intents,Variation,
interpreters,Variation,
intrigues,Variation,
inviteth,Variation,
irreantum,Real,"""Many waters"" interpreted"
isaac,Proper,
isaiah,Proper,
ishmael,Proper,
ishmaelites,Proper,
ishmaelitish,Proper,
islands,Variation,
isles,Variation,
israel,Proper,
israelites,Proper,
ites,Real,
its,Variation,
jacob,Proper,
jacobites,Proper,
jacobugath,Proper,
jacom,Proper,
jared,Proper,
jaredites,Proper,
jarom,Proper,
jashon,Proper,
jeberechiah,Proper,
jeremiah,Proper,
jershon,Proper,
jerusalem,Proper,
jesus,Proper,
jewels,Variation,
jews,Variation,
john,Proper,
joins,Variation,
joints,Variation,
jonas,Proper,
joneam,Proper,
jordan,Proper,
joseph,Proper,
josephites,Proper,
josh,Proper,
joshua,Proper,
jotham,Proper,
journeyed,Variation,
journeyings,Variation,
journeys,Variation,
journied,Typo,
judah,Proper,
judea,Proper,
judgement,Real,Not in dictionary but should be
judgements,Real,
judges,Variation,
judgeth,Variation,
judgments,Variation,
justified,Variation,
justifieth,Variation,
keepeth,Variation,
keys,Variation,
khown,Typo,
kib,Proper,
killeth,Variation,
kim,Proper,
kimnor,Proper,
kindleth,Variation,
kindreds,Variation,
kinds,Variation,
king-men,Real,Could be considered proper bc it's a title
kingdoms,Variation,
kings,Variation,
kinsfolks,Variation,
kish,Proper,
kishkumen,Proper,
kneeled,Variation,
knees,Variation,
knelt,Variation,
knewest,Variation,
knocketh,Variation,
knowest,Variation,
knoweth,Variation,
known,Variation,
knows,Variation,
korihor,Proper,
kumen,Proper,
kumenonhi,Proper,
laban,Proper,
labors,Variation,
laboured,Variation,
lachoneus,Proper,
lacking,Variation,
ladders,Variation,
laish,Proper,
lamah,Proper,
laman,Proper,
lamanitas,Typo,
lamanite,Proper,
lamanites,Proper,
lamanitish,Proper,
lamb-skin,Real,Typo? Its what every wire around their loins
lambs,Variation,
lamentations,Variation,
lamoni,Proper,
lands,Variation,
langauge,Typo,
languages,Variation,
larger,Variation,
lasted,Variation,
laughed,Variation,
laugheth,Variation,
launched,Variation,
laws,Variation,
lawyers,Variation,
layeth,Variation,
leaders,Variation,
leadeth,Variation,
leads,Variation,
leah,Proper,
leaned,Variation,
leaped,Variation,
lebanon,Proper,
legs,Variation,
lehi,Proper,
lehi-nephi,Proper,
lehonti,Proper,
lehontis,Proper,
lemuel,Proper,
lemuelites,Proper,
letting,Variation,
levelled,Typo,
levi,Proper,
liahona,Real,"Interpreted ""compass"""
liars,Variation,
liberties,Variation,
lied,Variation,
lies,Variation,
liest,Variation,
lieth,Variation,
lightnings,Variation,
lilies,Variation,
limbs,Variation,
limhah,Proper,
limher,Proper,
limhi,Proper,
limnah,Real,Currency
lions,Variation,
lips,Variation,
liquors,Variation,
listened,Variation,
listeth,Variation,
lived,Variation,
livest,Variation,
liveth,Variation,
loins,Variation,
looked,Variation,
looketh,Variation,
looking,Variation,
looks,Variation,
lords,Variation,
lots,Variation,
lovest,Variation,
loveth,Variation,
luram,Proper,
lustre,Typo,
lusts,Variation,
lyings,Variation,
madest,Variation,
madmenah,Proper,
magics,Variation,
mahah,Proper,
maher-shalal-hash-baz,Proper,Bible
maidservants,Variation,Hyphen
maketh,Variation,
malachi,Proper,
man-servant,Variation,Hyphen
manasseh,Proper,
manifestations,Variation,
manifesteth,Variation,
mans,Variation,
mansions,Variation,
manti,Proper,
mantles,Variation,
many-day,Real,
marched,Variation,
marred,Variation,
marvelled,Variation,
marvelling,Variation,
marvellings,Variation,
marvellous,Variation,
mary,Proper,
massacred,Real,It's a real word right now
masters,Variation,
mathoni,Proper,
mathonihah,Proper,
mattereth,Variation,
matters,Variation,
mayest,Variation,
meaneth,Variation,
means,Variation,
medes,Proper,? In context from the Bible idk
meetings,Variation,
melchizedek,Proper,
melek,Proper,
mens,Variation,
merchants,Variation,
mercies,Variation,
merits,Variation,
messengers,Variation,
metals,Variation,
michmash,Proper,
middoni,Proper,
midian,Proper,
mightest,Variation,
mightier,Variation,
mights,Variation,
migron,Proper,
millions,Variation,
minds,Variation,
mingleth,Variation,
ministers,Variation,
minon,Proper,
miracles,Variation,
mischiefs,Variation,
miserable,Typo,Miserabale miserableness both exist tho so prolly this was a typo in the dictionary 
mists,Variation,
mixeth,Variation,
mnltitude,Typo,
moab,Proper,
mocum,Proper,
moles,Variation,
months,Variation,
moons,Variation,
moriancumer,Proper,
morianton,Proper,
moriantum,Proper,
morionton,Proper,
mormon,Proper,
moron,Proper,
moroni,Proper,
moronihah,Proper,
moronis,Proper,
moses,Proper,
mosiah,Proper,
mothers,Variation,
motions,Variation,
moulder,Typo,
mouldering,Typo,
moulten,Typo,
mountains,Variation,
mourned,Variation,
mournings,Variation,
mouths,Variation,
movements,Variation,
moveth,Variation,
mufflers,Variation,
mulek,Proper,
mulok,Proper,
muloki,Proper,
multitudes,Variation,
murderers,Variation,
murdereth,Variation,
murderings,Variation,
murders,Variation,
murmured,Variation,
murmurings,Variation,
mustereth,Variation,
mysteries,Variation,
nahom,Proper,
nails,Variation,
names,Variation,
naphtali,Proper,
nations,Variation,
natures,Variation,
nazareth,Proper,
nearer,Variation,
neas,Real,
necks,Variation,
needeth,Variation,
neeeds,Typo,
nehor,Proper,
nehors,Proper,
neighbors,Variation,
nephi,Proper,
nephihah,Proper,
nephite,Proper,
nephites,Proper,
neum,Proper,
neverthelers,Typo,
nevertheles,Typo,
night-time,Real,
nights,Variation,
nimrah,Proper,
nimrod,Proper,
noah,Proper,
nob,Proper,Bible
nobler,Variation,
nobles,Variation,
noises,Variation,
noon-day,Typo,Hyphen
northernmost,Real,
nose-jewels,Real,
nostrils,Variation,
numbereth,Variation,
numerority,Typo,
numhers,Typo,
oaks,Variation,
oaths,Variation,
obeyeth,Variation,
obout,Typo,
offence,Typo,
offereth,Variation,
offerings,Variation,
officers,Variation,
ogath,Proper,
omner,Proper,
omni,Proper,
ones,Variation,
onidah,Proper,
onihah,Proper,
onti,Real,currency
onties,Real,currency
ophir,Proper,Bible
opon,Typo,
oppressions,Variation,
oppressors,Variation,
orders,Variation,
ordinances,Variation,
oreb,Proper,Bible
ores,Variation,
orihah,Proper,
ornaments,Variation,
orphans,Variation,
others,Variation,
outcasts,Variation,
overbearance,Variation,
overcame,Variation,
overlooked,Variation,
overpowered,Variation,
overpowereth,Variation,
overpowering,Variation,
overran,Variation,
overshadowed,Variation,
overtaken,Variation,
overthrew,Variation,
owed,Variation,
oweth,Variation,
owls,Variation,
oxen,Variation,
paanchi,Proper,
pachus,Proper,
pacumeni,Proper,
pagag,Proper,
paharon,Proper,
pahoran,Proper,
pained,Variation,
pains,Variation,
palaces,Variation,
palestina,Proper,Bible
palms,Variation,
pangs,Variation,
parents,Variation,
partakers,Variation,
parties,Variation,
partners,Variation,
parts,Variation,
passeth,Variation,
passions,Variation,
pastors,Variation,
pastures,Variation,
pathros,Proper,Bible
paths,Variation,
paying,Variation,
peace-makers,Variation,
peaked,Variation,
pearls,Variation,
peeped,Variation,
peeple,Typo,
pekah,Proper,Bible
peopeople,Typo,
peoples,Variation,
perceiving,Variation,
performances,Variation,
perished,Variation,
perisheth,Variation,
perishing,Variation,
permitted,Variation,
persecuteth,Variation,
persecutions,Variation,
persisted,Variation,
persists,Variation,
persons,Variation,
persuadeth,Variation,
persuasions,Variation,
pertaining,Variation,
perverteth,Variation,
pestilence,Variation,Pestilent is a word so im counting this as variation
pestilences,Variation,
petitions,Variation,
pharaoh,Proper,"More of a title technically than a name, but its also widely spoken"
philistines,Proper,Bible
phrensied,Typo,
pickets,Variation,
pictures,Variation,
pieces,Variation,
pits,Variation,
places,Variation,
placing,Variation,
plaees,Typo,
plains,Variation,
planets,Variation,
plans,Variation,
plants,Variation,
plates,Variation,
pleadeth,Variation,
pleasures,Variation,
plots,Variation,
plough-shares,Real,"From bible, but also typo."
plunderers,Variation,
plunderings,Variation,
pointers,Variation,
points,Variation,
pollutions,Variation,
pondereth,Variation,
pools,Variation,
poorer,Variation,
poorest,Variation,
possesion,Typo,
possessions,Variation,
possessson,Typo,
posts,Variation,
potters,Variation,
powers,Variation,
practices,Variation,
praises,Variation,
prayed,Variation,
prayers,Variation,
prayest,Variation,
prayeth,Variation,
preachers,Variation,
preachings,Variation,
precepts,Variation,
preparations,Variation,
preparator,Real,"Should be ""preparer"" but hasnt been fixed"
prepareth,Variation,
presses,Variation,
pretendeth,Variation,
prevailed,Variation,
priest-crafts,Typo,Hyphen
priestcrafts,Variation,
priests,Variation,
princes,Variation,
prints,Variation,
prisoners,Variation,
prisons,Variation,
privileges,Variation,
proceeded,Variation,
proceedeth,Variation,
proceedings,Variation,
profiteth,Variation,
prohesy,Typo,
promises,Variation,
prophecies,Variation,
prophecying,Typo,
prophecyings,Typo,
prophesieth,Variation,
prophesyings,Variation,
prophets,Variation,
prospereth,Variation,
proveth,Variation,
providing,Variation,
provisions,Variation,
provisons,Typo,
provoketh,Variation,
publisheth,Variation,
punishments,Variation,
purified,Variation,
purifyer,Typo,
purposes,Variation,
puteth,Typo,
putteth,Variation,
quakings,Variation,
qualities,Variation,
quarrellings,Variation,
quarters,Variation,
queens,Variation,
questions,Variation,
rabbanah,Real,
rahab,Proper,Bible
rains,Variation,
raiseth,Variation,
ramah,Proper,
ramath,Proper,Bible
rameumptom,Real,
ranks,Variation,
rations,Variation,
re-built,Variation,
re-united,Variation,
re-uniting,Variation,
readeth,Variation,
realise,Typo,
reasons,Variation,
rebelleth,Variation,
rebellions,Variation,
reccive,Typo,
receiveth,Variation,
recieve,Typo,
recieved,Typo,
recieveth,Typo,
recieving,Typo,
records,Variation,
redeemeth,Variation,
redemer,Typo,
refiners,Variation,
refuseth,Variation,
regin,Typo,
regions,Variation,
regulations,Variation,
rehearst,Typo,
reigned,Variation,
reigneth,Variation,
reigns,Variation,
rejecteth,Variation,
rejoiceth,Variation,
rejoicings,Variation,
remained,Variation,
remaineth,Variation,
remaliah,Proper,Bible
remaliahs,Proper,Bible
rememberest,Variation,
remembereth,Variation,
remnants,Variation,
rending,Variation,
repented,Variation,
repenteth,Variation,
repetitions,Variation,
reproveth,Variation,
requires,Variation,
requireth,Variation,
rerecord,Typo,
rereward,Typo,
resorted,Variation,
respects,Variation,
retaken,Variation,
retreats,Variation,
revelations,Variation,
revelator,Real,
revilings,Variation,
rewardeth,Variation,
rewards,Variation,
rezin,Proper,Bible
ridges,Variation,
rights,Variation,
rims,Variation,
ringlets,Variation,
rings,Variation,
riotings,Variation,
ripened,Variation,
ripening,Variation,
riplah,Proper,
riplakish,Proper,
ripliancum,Proper,
risest,Variation,
rites,Variation,
rivers,Variation,
roads,Variation,
roared,Variation,
robbers,Variation,
robbings,Variation,
rocks,Variation,
roots,Variation,
rssurrection,Typo,
rufused,Typo,
ruins,Variation,
rulers,Variation,
ruleth,Variation,
rumderers,Typo,
rumors,Variation,
sabbath-day,Real,
sacrifices,Variation,
saidst,Variation,
saints,Variation,
saith,Variation,
sakes,Variation,
salem,Proper,
sam,Proper,
samaria,Proper,
samuel,Proper,
sanctuaries,Variation,
sands,Variation,
sapphires,Variation,
sarah,Proper,
sariah,Proper,
satisfieth,Variation,
satyrs,Variation,
saveth,Variation,
saviour,Typo,
savour,Typo,
sawest,Variation,
sayest,Variation,(both sayest and saist im counting as variatoins)
sayeth,Variation,
sayings,Variation,
scales,Variation,
scarlets,Variation,
scattereth,Variation,
sceptres,Typo,
scorcheth,Variation,
scriptures,Variation,
seams,Variation,
seantum,Proper,
searches,Variation,
seashore,Typo,hyphen
seasons,Variation,
seats,Variation,
sebus,Proper,
secrets,Variation,
seduced,Variation,
seeds,Variation,
seeketh,Variation,
seeking,Variation,
seemeth,Variation,
seeond,Typo,
seers,Variation,
seest,Variation,
seeth,Variation,
seezoram,Proper,
selfsame,Typo,hyphen
sendeth,Variation,
sending,Variation,
senine,Real,Currency
senum,Real,Currency
senums,Real,Currency
seon,Real,Currency
separateth,Typo,
sepulchre,Typo,
seraphims,Variation,"(Seraphim exists but the literal description says ""SeraphimS is improper"" lol"
serpents,Variation,
servants,Variation,
serveth,Variation,
seth,Proper,
setteth,Variation,
seventy-nine,Variation,Number
seventy-six,Variation,Number
shadows,Variation,
shafts,Variation,
shaketh,Variation,
shaven,Variation,
shazer,Proper,
shearers,Variation,
shearjashub,Proper,Bible
sheaves,Variation,
sheddeth,Variation,
sheeps,Variation,
shelem,Proper,
shem,Proper,
shemlon,Proper,
shemnon,Proper,
shepherds,Variation,
sherem,Proper,
sherrizah,Proper,
sheum,Real,
shew,Typo,
shewed,Typo,theres a lot of these (show)
sheweth,Typo,
shewn,Typo,
shez,Proper,
shiblom,Proper,
shiblon,Real,currency AND a name (so could be real or proper)
shiblum,Real,currency
shields,Variation,
shiloah,Proper,Bible
shilom,Proper,
shim,Proper,Could be real in context but Proper makes more sense bc its a place
shimnilom,Proper,
shinar,Proper,Bible
shined,Variation,
ships,Variation,
shiz,Proper,
shoes,Variation,
shores,Variation,
shoulders,Variation,
shouldest,Typo,"Kinda unfair in my mind to call this a typo and not shouldst, but theres 10 references to shouldst and only 1 to shouldest (which later got corrected to shouldst)."
shouldst,Variation,
showed,Variation,
showeth,Variation,
shublons,Typo,"Should be ""Shiblons"", another made-up word."
shule,Proper,
shum,Real,Currency
shurr,Proper,
sicknesses,Variation,
sides,Variation,
sidom,Proper,
sidon,Proper,
signed,Variation,
signs,Variation,
silenced,Variation,
silks,Variation,
silverlings,Real,Bible
sinai,Proper,Bible
sinim,Proper,
sinned,Variation,
sinners,Variation,
sins,Variation,
siron,Proper,
sisters,Variation,
sitteth,Variation,
sixteenth,Variation,
skilful,Typo,
skins,Variation,
skirts,Variation,
slackened,Variation,
slaughters,Variation,
slaves,Variation,
slayeth,Variation,
sleepeth,Variation,
slings,Variation,
slipped,Variation,
slumbered,Variation,
smallest,Variation,
smiled,Variation,
smiteth,Variation,
smiting,Variation,
snares,Variation,
sobbings,Variation,
sodom,Proper,Bible
soldiers,Variation,
soles,Variation,
solomon,Proper,
solomons,Proper,
sons,Variation,
sooner,Variation,
soothsayers,Variation,
sorcerers,Variation,
sorceries,Variation,
sorroweth,Variation,
sorrows,Variation,
sorts,Variation,
souls,Variation,
spareth,Variation,
sparks,Variation,
speakest,Variation,
speaketh,Variation,
spears,Variation,
spent,Variation,
spies,Variation,
spindles,Variation,
spirits,Variation,
spoils,Variation,
springs,Variation,
sprouted,Variation,
sprouteth,Variation,
spurneth,Variation,
stains,Variation,
stakes,Variation,
standeth,Variation,
stars,Variation,
stating,Variation,
stationed,Variation,
stations,Variation,
statutes,Variation,
stealings,Variation,
steps,Variation,
stiff-neckedness,Variation,
stiffened,Variation,
stiffnecked,Typo,Hyphen
stiffneckedness,Typo,Hyphen
stinketh,Variation,
stirreth,Variation,
stones,Variation,
stoning,Variation,
stoppeth,Variation,
storehouse,Typo,hyphen
strangers,Variation,
streams,Variation,
streets,Variation,
stretches,Variation,
strifes,Variation,
striketh,Variation,
stripes,Variation,
strokes,Variation,
struggled,Variation,
struggles,Variation,
strugglings,Variation,
subjecting,Variation,
subjects,Variation,
substances,Variation,
subtlety,Typo,Not in dictionary but its a real word
succeeded,Variation,
succoring,Variation,
suffereth,Variation,
sufferings,Variation,
suffers,Variation,
sufficeth,Variation,
suits,Variation,
supplicating,Variation,
supplies,Variation,
supposeth,Variation,
suredly,Typo,
survived,Variation,
swarms,Variation,
swearers,Variation,
sweepeth,Variation,
swelleth,Variation,
swolen,Typo,
swords,Variation,
sycamores,Variation,
synagogues,Variation,
syria,Proper,
syrians,Proper,
tabeal,Proper,Bible
tablets,Variation,
tails,Variation,
taketh,Variation,
talked,Variation,
tarried,Variation,
tarshish,Proper,Bible
task-masters,Typo,Hyphen
tasks,Variation,
taxes,Variation,
teachers,Variation,
teachest,Variation,
teacheth,Variation,
teancum,Proper,
teareth,Variation,
tears,Variation,
teasings,Variation,
telleth,Variation,
telling,Variation,
tempels,Variation,
tempests,Variation,
temples,Variation,
temptations,Variation,
tens,Variation,
tents,Variation,
teomner,Proper,
terms,Variation,
testifies,Variation,
testifieth,Variation,
theirs,Variation,
theit,Typo,
therefere,Typo,
therfore,Typo,
thess,Typo,
thickets,Variation,
thieves,Variation,
thieving,Variation,
things,Variation,
thinketh,Variation,
thirsted,Variation,
thirsteth,Variation,
thistles,Variation,
thorns,Variation,
thoughts,Variation,
thousands,Variation,
threatenings,Variation,
threatnings,Typo,
thrones,Variation,
throwing,Variation,
thunderings,Variation,
timbers,Variation,
times,Variation,
timothy,Proper,
tires,Variation,
tithes,Variation,
to-day,Typo,To-morrow and To-night and today all exist
toiled,Variation,
tongues,Variation,
tools,Variation,
tops,Variation,
torches,Variation,
torments,Variation,
tortureth,Variation,
touched,Variation,
towers,Variation,
towns,Variation,
tracks,Variation,
traditions,Variation,
traffic,Variation,
traitors,Variation,
trampleth,Variation,
transformeth,Variation,
transgransgressions,Typo,
transgresseth,Variation,
transgressions,Variation,
transgressors,Variation,
transpired,Variation,
traps,Variation,
travails,Variation,
traveleth,Variation,
travelled,Typo,"""Traveled"" in the dictionary"
traveller,Typo,"one L, same"
travelling,Typo,
travels,Variation,
treadeth,Variation,
treasures,Variation,
trees,Variation,
trembled,Variation,
trembleth,Variation,
trespasses,Variation,
treusures,Typo,
trials,Variation,
tribes,Variation,
tribulations,Variation,
tried,Variation,
trieth,Variation,
troubles,Variation,
tubaloth,Proper,
tumults,Variation,
turneth,Variation,
twenty-four,Variation,Special number
types,Variation,
unbelievers,Variation,
uncircumsised,Typo,
understandding,Typo,
understandings,Variation,
undertakings,Variation,
unwearyingness,Variation,Stretch too lol
upside,Real,
uriah,Proper,
uzziah,Proper,
vails,Variation,
valleys,Variation,
vapors,Variation,
vapour,Typo,British English 
vessels,Variation,
vexation,Variation,
victims,Variation,
views,Variation,
vilest,Variation,
villages,Variation,
vines,Variation,
vineyards,Variation,
viols,Variation,
virgins,Variation,
visions,Variation,
visitations,Variation,
voices,Variation,
vultures,Variation,
waketh,Variation,
walked,Variation,
walketh,Variation,
walls,Variation,
wandered,Variation,
wanderers,Variation,
wants,Variation,
warnings,Variation,
warred,Variation,Stretch
warriors,Variation,
wars,Variation,
wasteth,Variation,
wat,Typo,
watchmen,Variation,
waters,Variation,
waves,Variation,
ways,Variation,
weakest,Variation,
weapons,Variation,
wearied,Variation,
wells,Variation,
wheels,Variation,
wherfore,Typo,
whieh,Typo,
whims,Variation,
whirl-wind,Typo,Hyphen
whirlwinds,Variation,
whispereth,Variation,
whiter,Variation,
whoredoms,Variation,
widows,Variation,
wildernsss,Typo,
wiles,Variation,
wilfully,Typo,
wilfulness,Typo,
wills,Variation,
wimples,Variation,
windows,Variation,
winds,Variation,
wings,Variation,
wisdoms,Variation,
wishes,Variation,
witchcrafts,Variation,
withdrew,Variation,
withereth,Variation,
withersoever,Real,
withstood,Variation,
witnesses,Variation,
witnesseth,Variation,
wizards,Variation,
wolves,Variation,
wondered,Variation,
wondereth,Variation,
wonders,Variation,
words,Variation,
workers,Variation,
workest,Variation,
worketh,Variation,
workings,Variation,
workmen,Variation,
works,Variation,
worms,Variation,
worshippers,Variation,
wouldest,Variation,
wouldst,Variation,
woundedness,Variation,
wounds,Variation,
wrent,Real,
wrists,Variation,
writen,Variation,
writeth,Variation,
writings,Variation,
wrongs,Variation,
years,Variation,
yieldeth,Variation,
yoketh,Variation,
yours,Variation,
yourselves,Variation,
zarahemla,Proper,
zebulun,Proper,
zechariah,Proper,
zedekiah,Proper,
zeezrom,Proper,
zemnarihah,Proper,
zenas,Proper,
zenephi,Proper,
zeniff,Proper,
zenoch,Proper,
zenock,Proper,
zenos,Proper,
zerahemnah,Proper,
zeram,Proper,
zerin,Proper,
ziff,Real,
zion,Proper,
zoram,Proper,
zoramite,Proper,
zoramites,Proper,
